Workbook
Name Роздільник_variant: #N/A
Name Роздільник_Вік: #N/A

Sheet WebsiteRedesignAB Test Analysis
A1: Website Redesign A/B Test Analysis
B3: Count users in Control | E3: Count users in Treatment | H3: Total session duration | K3: Total count conversions | N3: Total pages visited
B4: ='Pivot Tables'!D16 -> 5013 | E4: ='Pivot Tables'!D19 -> 4987 | H4: ='Pivot Tables'!D22 -> 60211.244 | K4: ='Pivot Tables'!D25 -> 1249 | N4: 3965
A13: СТАТИСТИЧНІ ТЕСТИ | F13: Тривалість сеансу та відвідані сторінки p-значення за віковою групою
A14: Показник | B14: Результат | C14: p-value | D14: Значущість | F14: Позначки рядків | G14: p-value для тривалості сесії | H14: p-value для кількості сторінок
A15: Конверсія (Z-тест) | B15: z=-5.573 | C15: p=0.0000 | D15: значуще | F15: <25 | G15: 0 | H15: 0
A16: Тривалість сесії (T-тест) | B16: t=-44.341 | C16: p=0.0000 | D16: значуще | F16: 25-34 | G16: 0 | H16: 0
A17: К-ть сторінок (T-тест) | B17: t=-51.256 | C17: p=0.0000 | D17: значуще | F17: 35-44 | G17: 0 | H17: 0
F18: 45+ | G18: 0 | H18: 0
F19: Загальний підсумок | G19: 0 | H19: 0

Sheet Analysis before A B testing
A1: A/B Test Performance
B3: Count users in Control | E3: Count users in Treatment | H3: Total session duration | K3: Total count conversions | N3: Total pages visited
B4: ='Pivot Tables'!D16 -> 5013 | E4: ='Pivot Tables'!D19 -> 4987 | H4: ='Pivot Tables'!D22 -> 60211.244 | K4: ='Pivot Tables'!D25 -> 1249 | N4: 3965

Sheet A B test results
A1: A/B test results
A3: СТАТИСТИЧНІ ТЕСТИ | F3: Тривалість сеансу та відвідані сторінки p-значення за віковою групою
A4: Показник | B4: Результат | C4: p-value | D4: Значущість | F4: Позначки рядків | G4: p-value для тривалості сесії | H4: p-value для кількості сторінок
A5: Конверсія (Z-тест) | B5: z=-5.573 | C5: p=0.0000 | D5: значуще | F5: <25 | G5: 0 | H5: 0
A6: Тривалість сесії (T-тест) | B6: t=-44.341 | C6: p=0.0000 | D6: значуще | F6: 25-34 | G6: 0 | H6: 0
A7: К-ть сторінок (T-тест) | B7: t=-51.256 | C7: p=0.0000 | D7: значуще | F7: 35-44 | G7: 0 | H7: 0
F8: 45+ | G8: 0 | H8: 0
F9: Загальний підсумок | G9: 0 | H9: 0

Sheet ab_test_results
A1: user_id | B1: variant | C1: converted | D1: session_duration | E1: pages_visited | F1: age | G1: session duration | H1: conversion% | I1: Total users | J1: control | K1: treatment | L1: age_group
A2: 1 | B2: control | C2: 0 | D2: 3.4943239020249957 | E2: 7 | F2: 57 | G2: =VALUE(D2) -> 3.4943239 | H2: =IF(B2="control",AVERAGEIF($B:$B,"control",$C:$C)*100,AVERAGEIF($B:$B,"treatment",$C:$C)*100) -> 10.652304 | I2: =COUNTIF($B:$B,B2) -> 5013 | J2: =COUNTIF($B:$B,"control") -> 5013 | K2: =COUNTIF($B:$B,"treatment") -> 4987 | L2: =IF(F2<25,"<25",IF(F2<35,"25-34",IF(F2<45,"35-44","45+"))) -> 45+ | N2: =SUM(C:C) -> 1249
A3: 2 | B3: treatment | C3: 0 | D3: 4.4523060733669855 | E3: 4 | F3: 24 | G3: =VALUE(D3) -> 4.4523061 | H3: =IF(B3="control",AVERAGEIF($B:$B,"control",$C:$C)*100,AVERAGEIF($B:$B,"treatment",$C:$C)*100) -> 14.337277 | I3: =COUNTIF($B:$B,B3) -> 4987 | J3: =COUNTIF($B:$B,"control") -> 5013 | K3: =COUNTIF($B:$B,"treatment") -> 4987 | L3: =IF(F3<25,"<25",IF(F3<35,"25-34",IF(F3<45,"35-44","45+"))) -> <25 | N3: =SUM(G:G) -> 60211.244
A4: 3 | B4: control | C4: 0 | D4: 4.384544934807176 | E4: 1 | F4: 49 | G4: =VALUE(D4) -> 4.3845449 | H4: =IF(B4="control",AVERAGEIF($B:$B,"control",$C:$C)*100,AVERAGEIF($B:$B,"treatment",$C:$C)*100) -> 10.652304 | I4: =COUNTIF($B:$B,B4) -> 5013 | J4: =COUNTIF($B:$B,"control") -> 5013 | K4: =COUNTIF($B:$B,"treatment") -> 4987 | L4: =IF(F4<25,"<25",IF(F4<35,"25-34",IF(F4<45,"35-44","45+"))) -> 45+
A5: 4 | B5: control | C5: 0 | D5: 6.338821794888149 | E5: 6 | F5: 36 | G5: =VALUE(D5) -> 6.3388218 | H5: =IF(B5="control",AVERAGEIF($B:$B,"control",$C:$C)*100,AVERAGEIF($B:$B,"treatment",$C:$C)*100) -> 10.652304 | I5: =COUNTIF($B:$B,B5) -> 5013 | J5: =COUNTIF($B:$B,"control") -> 5013 | K5: =COUNTIF($B:$B,"treatment") -> 4987 | L5: =IF(F5<25,"<25",IF(F5<35,"25-34",IF(F5<45,"35-44","45+"))) -> 35-44
A6: 5 | B6: control | C6: 0 | D6: 1.5765210753282788 | E6: 3 | F6: 23 | G6: =VALUE(D6) -> 1.5765211 | H6: =IF(B6="control",AVERAGEIF($B:$B,"control",$C:$C)*100,AVERAGEIF($B:$B,"treatment",$C:$C)*100) -> 10.652304 | I6: =COUNTIF($B:$B,B6) -> 5013 | J6: =COUNTIF($B:$B,"control") -> 5013 | K6: =COUNTIF($B:$B,"treatment") -> 4987 | L6: =IF(F6<25,"<25",IF(F6<35,"25-34",IF(F6<45,"35-44","45+"))) -> <25
A7: 6 | B7: treatment | C7: 0 | D7: 6.3307547830342195 | E7: 4 | F7: 37 | G7: =VALUE(D7) -> 6.3307548 | H7: =IF(B7="control",AVERAGEIF($B:$B,"control",$C:$C)*100,AVERAGEIF($B:$B,"treatment",$C:$C)*100) -> 14.337277 | I7: =COUNTIF($B:$B,B7) -> 4987 | J7: =COUNTIF($B:$B,"control") -> 5013 | K7: =COUNTIF($B:$B,"treatment") -> 4987 | L7: =IF(F7<25,"<25",IF(F7<35,"25-34",IF(F7<45,"35-44","45+"))) -> 35-44
A8: 7 | B8: control | C8: 1 | D8: 4.185456387609151 | E8: 5 | F8: 44 | G8: =VALUE(D8) -> 4.1854564 | H8: =IF(B8="control",AVERAGEIF($B:$B,"control",$C:$C)*100,AVERAGEIF($B:$B,"treatment",$C:$C)*100) -> 10.652304 | I8: =COUNTIF($B:$B,B8) -> 5013 | J8: =COUNTIF($B:$B,"control") -> 5013 | K8: =COUNTIF($B:$B,"treatment") -> 4987 | L8: =IF(F8<25,"<25",IF(F8<35,"25-34",IF(F8<45,"35-44","45+"))) -> 35-44
A9: 8 | B9: control | C9: 0 | D9: 5.518661942693769 | E9: 2 | F9: 60 | G9: =VALUE(D9) -> 5.5186619 | H9: =IF(B9="control",AVERAGEIF($B:$B,"control",$C:$C)*100,AVERAGEIF($B:$B,"treatment",$C:$C)*100) -> 10.652304 | I9: =COUNTIF($B:$B,B9) -> 5013 | J9: =COUNTIF($B:$B,"control") -> 5013 | K9: =COUNTIF($B:$B,"treatment") -> 4987 | L9: =IF(F9<25,"<25",IF(F9<35,"25-34",IF(F9<45,"35-44","45+"))) -> 45+
A10: 9 | B10: control | C10: 0 | D10: 6.0536110825239895 | E10: 2 | F10: 54 | G10: =VALUE(D10) -> 6.0536111 | H10: =IF(B10="control",AVERAGEIF($B:$B,"control",$C:$C)*100,AVERAGEIF($B:$B,"treatment",$C:$C)*100) -> 10.652304 | I10: =COUNTIF($B:$B,B10) -> 5013 | J10: =COUNTIF($B:$B,"control") -> 5013 | K10: =COUNTIF($B:$B,"treatment") -> 4987 | L10: =IF(F10<25,"<25",IF(F10<35,"25-34",IF(F10<45,"35-44","45+"))) -> 45+
A11: 10 | B11: treatment | C11: 0 | D11: 4.4952157803744495 | E11: 2 | F11: 24 | G11: =VALUE(D11) -> 4.4952158 | H11: =IF(B11="control",AVERAGEIF($B:$B,"control",$C:$C)*100,AVERAGEIF($B:$B,"treatment",$C:$C)*100) -> 14.337277 | I11: =COUNTIF($B:$B,B11) -> 4987 | J11: =COUNTIF($B:$B,"control") -> 5013 | K11: =COUNTIF($B:$B,"treatment") -> 4987 | L11: =IF(F11<25,"<25",IF(F11<35,"25-34",IF(F11<45,"35-44","45+"))) -> <25
A12: 11 | B12: control | C12: 0 | D12: 5.9134766536037295 | E12: 5 | F12: 22 | G12: =VALUE(D12) -> 5.9134767 | H12: =IF(B12="control",AVERAGEIF($B:$B,"control",$C:$C)*100,AVERAGEIF($B:$B,"treatment",$C:$C)*100) -> 10.652304 | I12: =COUNTIF($B:$B,B12) -> 5013 | J12: =COUNTIF($B:$B,"control") -> 5013 | K12: =COUNTIF($B:$B,"treatment") -> 4987 | L12: =IF(F12<25,"<25",IF(F12<35,"25-34",IF(F12<45,"35-44","45+"))) -> <25
A13: 12 | B13: control | C13: 0 | D13: 2.698608275072291 | E13: 1 | F13: 28 | G13: =VALUE(D13) -> 2.6986083 | H13: =IF(B13="control",AVERAGEIF($B:$B,"control",$C:$C)*100,AVERAGEIF($B:$B,"treatment",$C:$C)*100) -> 10.652304 | I13: =COUNTIF($B:$B,B13) -> 5013 | J13: =COUNTIF($B:$B,"control") -> 5013 | K13: =COUNTIF($B:$B,"treatment") -> 4987 | L13: =IF(F13<25,"<25",IF(F13<35,"25-34",IF(F13<45,"35-44","45+"))) -> 25-34
A14: 13 | B14: control | C14: 0 | D14: 5.047707405326674 | E14: 5 | F14: 32 | G14: =VALUE(D14) -> 5.0477074 | H14: =IF(B14="control",AVERAGEIF($B:$B,"control",$C:$C)*100,AVERAGEIF($B:$B,"treatment",$C:$C)*100) -> 10.652304 | I14: =COUNTIF($B:$B,B14) -> 5013 | J14: =COUNTIF($B:$B,"control") -> 5013 | K14: =COUNTIF($B:$B,"treatment") -> 4987 | L14: =IF(F14<25,"<25",IF(F14<35,"25-34",IF(F14<45,"35-44","45+"))) -> 25-34
A15: 14 | B15: control | C15: 0 | D15: 5.980056506635204 | E15: 1 | F15: 20 | G15: =VALUE(D15) -> 5.9800565 | H15: =IF(B15="control",AVERAGEIF($B:$B,"control",$C:$C)*100,AVERAGEIF($B:$B,"treatment",$C:$C)*100) -> 10.652304 | I15: =COUNTIF($B:$B,B15) -> 5013 | J15: =COUNTIF($B:$B,"control") -> 5013 | K15: =COUNTIF($B:$B,"treatment") -> 4987 | L15: =IF(F15<25,"<25",IF(F15<35,"25-34",IF(F15<45,"35-44","45+"))) -> <25
... A10001: 10000 | B10001: control | C10001: 0 | D10001: 4.110500309486127 | E10001: 1 | F10001: 55 | G10001: =VALUE(D10001) -> 4.1105003 | H10001: =IF(B10001="control",AVERAGEIF($B:$B,"control",$C:$C)*100,AVERAGEIF($B:$B,"treatment",$C:$C)*100) -> 10.652304 | I10001: =COUNTIF($B:$B,B10001) -> 5013 | J10001: =COUNTIF($B:$B,"control") -> 5013 | K10001: =COUNTIF($B:$B,"treatment") -> 4987 | L10001: =IF(F10001<25,"<25",IF(F10001<35,"25-34",IF(F10001<45,"35-44","45+"))) -> 45+

Sheet Pivot Tables
A1: Позначки рядків | B1: Середнє з session duration | D1: Позначки рядків | E1: Сума з Control | F1: Сума з Treatment | H1: Позначки рядків | I1: Сума з Conv ctrl % | J1: Сума з Conv trt % | L1: Позначки рядків | M1: Сума з p conv
A2: control | B2: 5.0883159 | D2: Конверсій | E2: 534 | F2: 715 | H2: <25 | I2: 9.9 | J2: 14.7 | L2: <25 | M2: 0.0053
A3: treatment | B3: 7.0357562 | D3: Конверсія % | E3: 0.1065 | F3: 0.1434 | H3: 25-34 | I3: 11.3 | J3: 13.3 | L3: 25-34 | M3: 0.1491
A4: Загальний підсумок | B4: 6.0815104 | D4: Користувачів | E4: 5013 | F4: 4987 | H4: 35-44 | I4: 10.3 | J4: 15.5 | L4: 35-44 | M4: 0.0003
D5: Сер. сесія (хв) | E5: 5.03 | F5: 7.02 | H5: 45+ | I5: 10.7 | J5: 14.2 | L5: 45+ | M5: 0.0008
D6: Сер. сторінок | E6: 2.98 | F6: 5.01 | H6: Загальний підсумок | I6: 42.2 | J6: 57.7 | L6: Загальний підсумок | M6: 0.1555
A7: Позначки рядків | B7: Сума з converted | D7: Загальний підсумок | E7: 5555.1165 | F7: 5714.1734
A8: control | B8: 57
A9: treatment | B9: 83 | H9: Позначки рядків | I9: Сума з Dur ctrl | J9: Сума з Dur trt
A10: Загальний підсумок | B10: 140 | D10: Позначки рядків | E10: Середнє з Total users | H10: <25 | I10: 5.1 | J10: 7
D11: control | E11: 5013 | H11: 25-34 | I11: 5 | J11: 7.1
D12: treatment | E12: 4987 | H12: 35-44 | I12: 5 | J12: 7.1
A13: Позначки рядків | B13: Total pages visited | D13: Загальний підсумок | E13: 4999.74 | H13: 45+ | I13: 5 | J13: 7
A14: control | B14: 2.9938776 | H14: Загальний підсумок | I14: 20.1 | J14: 28.2
A15: treatment | B15: 4.8980392 | D15: Середнє з control
A16: Загальний підсумок | B16: 3.965 | D16: 5013
H17: Позначки рядків | I17: Сума з Pg ctrl | J17: Сума з Pg trt
D18: Середнє з treatment | H18: <25 | I18: 2.95 | J18: 4.93
D19: 4987 | H19: 25-34 | I19: 2.98 | J19: 4.84
H20: 35-44 | I20: 2.96 | J20: 5.05
D21: Сума з session duration | H21: 45+ | I21: 3 | J21: 5.1
D22: 60211.244 | H22: Загальний підсумок | I22: 11.89 | J22: 19.92
D24: Сума з converted
D25: 1249
A27: Позначки рядків | B27: Середнє з conversion%
A28: control | B28: 10.652304
A29: treatment | B29: 14.337277
A30: Загальний підсумок | B30: 12.53164

Sheet Statistics
A1: ЗАГАЛЬНА СТАТИСТИКА
A2: Показники | B2: Control | C2: Treatment
A3: Користувачів | B3: 5013 | C3: 4987
A4: Конверсій | B4: 534 | C4: 715
A5: Конверсія % | B5: 0.1065 | C5: 0.1434
A6: Сер. сесія (хв) | B6: 5.03 | C6: 7.02
A7: Сер. сторінок | B7: 2.98 | C7: 5.01
A10: СТАТИСТИЧНІ ТЕСТИ
A11: Показник | B11: Результат | C11: p-value | D11: Значущість
A12: Конверсія (Z-тест) | B12: z=-5.573 | C12: p=0.0000 | D12: значуще
A13: Тривалість сесії (T-тест) | B13: t=-44.341 | C13: p=0.0000 | D13: значуще
A14: К-ть сторінок (T-тест) | B14: t=-51.256 | C14: p=0.0000 | D14: значуще
A18: СЕГМЕНТАЦІЯ ЗА ВІКОВИМИ ГРУПАМИ
A19: Вік | B19: Conv ctrl % | C19: Conv trt % | D19: p conv | E19: Dur ctrl | F19: Dur trt | G19: p-value для тривалості сесії | H19: Pg ctrl | I19: Pg trt | J19: p-value для кількості сторінок | K19: p-value
A20: <25 | B20: 9.9 | C20: 14.7 | D20: 0.0053 | E20: 5.1 | F20: 7 | G20: 0 | H20: 2.95 | I20: 4.93 | J20: 0 | K20: 0.05
A21: 25-34 | B21: 11.3 | C21: 13.3 | D21: 0.1491 | E21: 5 | F21: 7.1 | G21: 0 | H21: 2.98 | I21: 4.84 | J21: 0 | K21: 0.05
A22: 35-44 | B22: 10.3 | C22: 15.5 | D22: 0.0003 | E22: 5 | F22: 7.1 | G22: 0 | H22: 2.96 | I22: 5.05 | J22: 0 | K22: 0.05
A23: 45+ | B23: 10.7 | C23: 14.2 | D23: 0.0008 | E23: 5 | F23: 7 | G23: 0 | H23: 3 | I23: 5.1 | J23: 0 | K23: 0.05

Sheet A_B test, 4 місяць (1)
A1: user_id | B1: variant | C1: converted | D1: session_duration | E1: pages_visited | F1: age | G1: age_group | H1: session duration
A2: 1 | B2: control | C2: 0 | D2: 3.494323902024996 | E2: 7 | F2: 57 | G2: 45+ | H2: =VALUE(D2) -> 3.4943239
A3: 2 | B3: treatment | C3: 0 | D3: 4.4523060733669855 | E3: 4 | F3: 24 | G3: <25 | H3: =VALUE(D3) -> 4.4523061
A4: 3 | B4: control | C4: 0 | D4: 4.384544934807176 | E4: 1 | F4: 49 | G4: 45+ | H4: =VALUE(D4) -> 4.3845449
A5: 4 | B5: control | C5: 0 | D5: 6.338821794888149 | E5: 6 | F5: 36 | G5: 35-44 | H5: =VALUE(D5) -> 6.3388218
A6: 5 | B6: control | C6: 0 | D6: 1.5765210753282788 | E6: 3 | F6: 23 | G6: <25 | H6: =VALUE(D6) -> 1.5765211
A7: 6 | B7: treatment | C7: 0 | D7: 6.33075478303422 | E7: 4 | F7: 37 | G7: 35-44 | H7: =VALUE(D7) -> 6.3307548
A8: 7 | B8: control | C8: 1 | D8: 4.185456387609151 | E8: 5 | F8: 44 | G8: 35-44 | H8: =VALUE(D8) -> 4.1854564
A9: 8 | B9: control | C9: 0 | D9: 5.518661942693769 | E9: 2 | F9: 60 | G9: 45+ | H9: =VALUE(D9) -> 5.5186619
A10: 9 | B10: control | C10: 0 | D10: 6.0536110825239895 | E10: 2 | F10: 54 | G10: 45+ | H10: =VALUE(D10) -> 6.0536111
A11: 10 | B11: treatment | C11: 0 | D11: 4.4952157803744495 | E11: 2 | F11: 24 | G11: <25 | H11: =VALUE(D11) -> 4.4952158
A12: 11 | B12: control | C12: 0 | D12: 5.9134766536037295 | E12: 5 | F12: 22 | G12: <25 | H12: =VALUE(D12) -> 5.9134767
A13: 12 | B13: control | C13: 0 | D13: 2.698608275072291 | E13: 1 | F13: 28 | G13: 25-34 | H13: =VALUE(D13) -> 2.6986083
... A10001: 10000 | B10001: control | C10001: 0 | D10001: 4.110500309486127 | E10001: 1 | F10001: 55 | G10001: 45+ | H10001: =VALUE(D10001) -> 4.1105003
